{
  "train_loss": [
    0.9659711165428162,
    0.749519429411207,
    0.6545889882871083
  ],
  "train_acc": [
    0.576021720491569,
    0.6986281794798513,
    0.7452129179765647
  ],
  "train_macro_f1": [
    0.4677812019721577,
    0.526269838665231,
    0.6537275524884606
  ],
  "val_loss": [
    0.8020470269701697,
    0.7074833596294576,
    0.6711421396244656
  ],
  "val_acc": [
    0.6765714285714286,
    0.7017142857142857,
    0.736
  ],
  "val_macro_f1": [
    0.5038715305177415,
    0.5400683265135092,
    0.6793248229180603
  ],
  "val_weighted_f1": [
    0.5995251752164023,
    0.6305333072878967,
    0.7193876106051471
  ],
  "epoch_times": [
    263.5093507499987,
    239.38619854200806,
    253.62455024999508
  ],
  "avg_batch_times": [
    0.23581669914622658,
    0.21076628264655092,
    0.2280260560893886
  ],
  "monitor_metric": "macro_f1",
  "loss_function": "cross_entropy",
  "focal_loss_gamma": null,
  "class_weights": [
    1.5,
    1.0,
    1.25
  ],
  "run_output_dir": "/Users/adrianvargas/Desktop/nn-cz-sentiment-final/models/runs/20251113-232212",
  "use_weighted_sampler": false,
  "best_metric_epoch": 3,
  "best_metric_value": 0.6793248229180603
}