{
  "train_loss": [
    0.4721653848034995,
    0.31219926602499826,
    0.2500306854460921,
    0.22257331738088812
  ],
  "train_acc": [
    0.565304372677908,
    0.7119176907687911,
    0.7730780222920834,
    0.7999428408116604
  ],
  "train_macro_f1": [
    0.46568781045024404,
    0.6396745852751134,
    0.7510212717377668,
    0.7830403391492199
  ],
  "val_loss": [
    0.8095467383211309,
    0.687770888209343,
    0.6385322237556631,
    0.6262031243606048
  ],
  "val_acc": [
    0.6674285714285715,
    0.7451428571428571,
    0.7554285714285714,
    0.7611428571428571
  ],
  "val_macro_f1": [
    0.4976004574530613,
    0.7227710120462363,
    0.7425025440831717,
    0.7435486830842867
  ],
  "val_weighted_f1": [
    0.5914644938347436,
    0.7430633147822955,
    0.7557797494423347,
    0.7607597107640779
  ],
  "epoch_times": [
    240.56131612499303,
    242.67908466700464,
    239.61740245799592,
    236.92513358299038
  ],
  "avg_batch_times": [
    0.21446725972011751,
    0.2151913341292945,
    0.21130446537492598,
    0.20767044137691015
  ],
  "monitor_metric": "macro_f1",
  "loss_function": "focal",
  "focal_loss_gamma": 2.0,
  "class_weights": [
    1.5,
    1.0,
    1.25
  ],
  "run_output_dir": "/Users/adrianvargas/Desktop/nn-cz-sentiment-final/models/runs/20251113-224046",
  "best_metric_epoch": 4,
  "best_metric_value": 0.7435486830842867
}