{
  "train_loss": [
    0.509145449263709,
    0.3450638843349048,
    0.27831505898066927,
    0.24464704020534242
  ],
  "train_acc": [
    0.5410117176336096,
    0.6951986281794799,
    0.7627893683909689,
    0.7897970848813947
  ],
  "train_macro_f1": [
    0.4747910182367994,
    0.6541626621713529,
    0.7450043408775816,
    0.7763931903625488
  ],
  "val_loss": [
    0.8223631170662966,
    0.715495292706923,
    0.6597675467079336,
    0.6464246310971
  ],
  "val_acc": [
    0.6697142857142857,
    0.7234285714285714,
    0.7462857142857143,
    0.7588571428571429
  ],
  "val_macro_f1": [
    0.4997881176370879,
    0.7085842495718403,
    0.737172436036337,
    0.7451268420688768
  ],
  "val_weighted_f1": [
    0.5935209037085467,
    0.7243553258177245,
    0.7479941395336204,
    0.7595602762240109
  ],
  "epoch_times": [
    237.60880250000628,
    234.73709887500445,
    240.57498604198918,
    249.055086709006
  ],
  "avg_batch_times": [
    0.20873048977031639,
    0.20685840058724198,
    0.21488535272483048,
    0.22502523598053292
  ],
  "monitor_metric": "macro_f1",
  "loss_function": "focal",
  "focal_loss_gamma": 2.0,
  "class_weights": [
    1.899999976158142,
    1.0,
    1.25
  ],
  "run_output_dir": "/Users/adrianvargas/Desktop/nn-cz-sentiment-final/models/runs/20251114-003524",
  "use_weighted_sampler": false,
  "best_metric_epoch": 4,
  "best_metric_value": 0.7451268420688768
}