,precision,recall,f1-score,support
Negative,0.5767195767195767,0.6089385474860335,0.592391304347826,179.0
Neutral,0.7730337078651686,0.7397849462365591,0.756043956043956,465.0
Positive,0.7759336099585062,0.8095238095238095,0.7923728813559322,231.0
accuracy,0.7314285714285714,0.7314285714285714,0.7314285714285714,0.7314285714285714
macro avg,0.7085622981810838,0.7194157677488008,0.7136027139159048,875.0
weighted avg,0.7336390197605972,0.7314285714285714,0.732156135579338,875.0
