{
  "train_loss": [
    0.49109684543950216,
    0.3297638283116477,
    0.2647666466874736,
    0.23415966734290122
  ],
  "train_acc": [
    0.557587882252072,
    0.7039154044012575,
    0.7692197770791654,
    0.7950843098028008
  ],
  "train_macro_f1": [
    0.4713290058302853,
    0.6416197073687289,
    0.7490855803825962,
    0.7796929526807616
  ],
  "val_loss": [
    0.8170131748372859,
    0.7033826714212245,
    0.6507492322813381,
    0.6378107157620516
  ],
  "val_acc": [
    0.6685714285714286,
    0.7325714285714285,
    0.752,
    0.7577142857142857
  ],
  "val_macro_f1": [
    0.4987483278249922,
    0.712791106460605,
    0.7410723240329937,
    0.7419636031984815
  ],
  "val_weighted_f1": [
    0.5925087683798731,
    0.7319655530365314,
    0.7529766492091914,
    0.7580048296718042
  ],
  "epoch_times": [
    259.2887847079983,
    250.58604504200048,
    271.2974699160113,
    256.1584026250057
  ],
  "avg_batch_times": [
    0.2316982752945374,
    0.22504640567171322,
    0.24750567477958144,
    0.23236695212084202
  ],
  "monitor_metric": "macro_f1",
  "loss_function": "focal",
  "focal_loss_gamma": 2.0,
  "class_weights": [
    1.7000000476837158,
    1.0,
    1.25
  ],
  "run_output_dir": "/Users/adrianvargas/Desktop/nn-cz-sentiment-final/models/runs/20251114-000642",
  "use_weighted_sampler": false,
  "best_metric_epoch": 4,
  "best_metric_value": 0.7419636031984815
}