{
  "train_loss": [
    0.4905816136598587,
    0.32621930706501007,
    0.2719453742035798,
    0.24705658787914686
  ],
  "train_acc": [
    0.4962846527579308,
    0.6277507859388397,
    0.7113460988853958,
    0.7607887967990854
  ],
  "train_macro_f1": [
    0.4107525250940305,
    0.539461666959222,
    0.6940228223223963,
    0.754261685091405
  ],
  "val_loss": [
    0.8886756794019179,
    0.771507021242922,
    0.7163359016180039,
    0.6926225610754707
  ],
  "val_acc": [
    0.416,
    0.48914285714285716,
    0.664,
    0.6845714285714286
  ],
  "val_macro_f1": [
    0.3802274709108821,
    0.4924746579906134,
    0.6728153481436605,
    0.6864901664382009
  ],
  "val_weighted_f1": [
    0.2796152248582155,
    0.42530272892814786,
    0.6656207543832422,
    0.6812907547651819
  ],
  "epoch_times": [
    236.02033704200585,
    246.45472824999888,
    253.24662295800226,
    264.25761779100867
  ],
  "avg_batch_times": [
    0.2081750699024581,
    0.22035864690267148,
    0.22317716740785234,
    0.23821950676920825
  ],
  "monitor_metric": "macro_f1",
  "loss_function": "focal",
  "focal_loss_gamma": 2.0,
  "class_weights": [
    1.5,
    1.0,
    1.25
  ],
  "run_output_dir": "/Users/adrianvargas/Desktop/nn-cz-sentiment-final/models/runs/20251113-225730",
  "use_weighted_sampler": true,
  "best_metric_epoch": 4,
  "best_metric_value": 0.6864901664382009
}