{
  "train_loss": [
    0.405243639588356,
    0.2869765483907291,
    0.23982473602039472,
    0.20344326732414109
  ],
  "train_acc": [
    0.3803943983995427,
    0.5503000857387825,
    0.6816233209488425,
    0.7392112032009146
  ],
  "train_macro_f1": [
    0.3950329658718494,
    0.5700811110183241,
    0.6810831740766593,
    0.7361048185078801
  ],
  "val_loss": [
    0.8195643105290152,
    0.7294892129572955,
    0.6862027726390145,
    0.6670465141534805
  ],
  "val_acc": [
    0.45714285714285713,
    0.7222857142857143,
    0.6971428571428572,
    0.7268571428571429
  ],
  "val_macro_f1": [
    0.46838924231833473,
    0.7020536710170462,
    0.6971896173827455,
    0.7183664627736274
  ],
  "val_weighted_f1": [
    0.39830209009617706,
    0.7205601572349933,
    0.6987649309210041,
    0.7276544572756962
  ],
  "epoch_times": [
    235.45928154099965,
    235.30107708300056,
    231.77209408399358,
    221.17572795899468
  ],
  "avg_batch_times": [
    0.20617191103676202,
    0.206312990851534,
    0.20357316159631592,
    0.19329734239860305
  ],
  "monitor_metric": "macro_f1",
  "loss_function": "focal",
  "focal_loss_gamma": 2.0,
  "class_weights": [
    1.6200000047683716,
    0.6200000047683716,
    1.25
  ],
  "run_output_dir": "/Users/adrianvargas/Desktop/nn-cz-sentiment-final/models/runs/20251113-212550",
  "best_metric_epoch": 4,
  "best_metric_value": 0.7183664627736274
}